{
  "condition_results": {
    "clean": {
      "PE_mean": 0.8214114168027626,
      "PE_std": 1.1102230246251565e-16,
      "wPE_mean": 0.8187709319786196,
      "wPE_std": 1.1102230246251565e-16,
      "delta_mean": -0.007397846347126927,
      "delta_std": 8.673617379884035e-19
    },
    "low_noise": {
      "PE_mean": 0.8209025285138607,
      "PE_std": 0.0,
      "wPE_mean": 0.8156327255054597,
      "wPE_std": 0.0,
      "delta_mean": -0.006773734049946525,
      "delta_std": 8.673617379884035e-19
    },
    "high_noise": {
      "PE_mean": 0.8209599736348541,
      "PE_std": 0.0,
      "wPE_mean": 0.8068375250600784,
      "wPE_std": 1.1102230246251565e-16,
      "delta_mean": -0.006844186067033316,
      "delta_std": 0.0
    },
    "physiological": {
      "PE_mean": 0.816455831417923,
      "PE_std": 0.0,
      "wPE_mean": 0.8072378473808911,
      "wPE_std": 0.0,
      "delta_mean": -0.0013202024990436915,
      "delta_std": 0.0
    },
    "complete": {
      "PE_mean": 0.8289477490279322,
      "PE_std": 0.002385042361402201,
      "wPE_mean": 0.8126464346752043,
      "wPE_std": 0.0012871298952115584,
      "delta_mean": -0.01664057745323171,
      "delta_std": 0.002925070785691522
    },
    "neural_reference": {
      "PE": 0.815379365541866
    },
    "complete_delta_summary": {
      "mean": -0.01664057745323171,
      "ci_95": [
        -0.02175945132819187,
        -0.015178042060385945
      ]
    }
  }
}