{
  "noise_results": {
    "white": {
      "levels": [
        0.01,
        0.01519911082952934,
        0.023101297000831605,
        0.03511191734215131,
        0.0533669923120631,
        0.08111308307896872,
        0.12328467394420659,
        0.1873817422860384,
        0.2848035868435802,
        0.43287612810830595,
        0.6579332246575682,
        1.0
      ],
      "PE_mean": [
        0.8608873780329176,
        0.8596370806024553,
        0.8592584580466154,
        0.8644246580186981,
        0.8692455105415944,
        0.8818160636142705,
        0.9027161588525381,
        0.9332540967536004,
        0.9627781635940535,
        0.9751324016130986,
        0.983747644043971,
        0.9847062787559412
      ],
      "PE_low": [
        0.8541092679988747,
        0.8520613129742356,
        0.8479488670158791,
        0.8505331010521076,
        0.8517080688279777,
        0.8588095256205714,
        0.8823024471999079,
        0.9019380038234776,
        0.9470415517275064,
        0.9599883748255948,
        0.9782810706895048,
        0.9752359187326933
      ],
      "PE_high": [
        0.8670511407334509,
        0.8678039201019323,
        0.8711910622970788,
        0.884411189067146,
        0.8880438212290523,
        0.9038527465795898,
        0.9225344047235438,
        0.9550122758667937,
        0.9758096262208941,
        0.9843233167912684,
        0.9905182937644497,
        0.9918956354756343
      ],
      "wPE_mean": [
        0.8803930847933427,
        0.8799430432193672,
        0.879085817170703,
        0.8823432860201392,
        0.8835528890472887,
        0.8833091303067264,
        0.8978034402744501,
        0.9209464047623075,
        0.9476716294667165,
        0.9559853637338332,
        0.9671531443902684,
        0.9734154234682875
      ],
      "wPE_low": [
        0.8738333577622288,
        0.8699247491413453,
        0.8645730342957192,
        0.8621541561694417,
        0.8655953314248519,
        0.851964537016228,
        0.862340674652343,
        0.8868116854987538,
        0.9230697381165149,
        0.9346528274028735,
        0.9439121564174432,
        0.9605264246501916
      ],
      "wPE_high": [
        0.8874128585417995,
        0.8889852431927145,
        0.88935049871173,
        0.8997039560931381,
        0.9020024316309355,
        0.903725513731898,
        0.9260176002854927,
        0.9459863969619277,
        0.9660497992739421,
        0.9738032369222175,
        0.9804787105760792,
        0.9870290449953933
      ]
    },
    "pink": {
      "levels": [
        0.01,
        0.01519911082952934,
        0.023101297000831605,
        0.03511191734215131,
        0.0533669923120631,
        0.08111308307896872,
        0.12328467394420659,
        0.1873817422860384,
        0.2848035868435802,
        0.43287612810830595,
        0.6579332246575682,
        1.0
      ],
      "PE_mean": [
        0.8605395808060831,
        0.8604337624761841,
        0.8610405320054905,
        0.8608195515296307,
        0.8663867174875522,
        0.8753521612671986,
        0.8921538035577172,
        0.917356914735381,
        0.943973302255086,
        0.9625200760398235,
        0.9730410682402535,
        0.9741601472710713
      ],
      "PE_low": [
        0.8517859111476406,
        0.8501422729138081,
        0.8484677870060088,
        0.8492273608664201,
        0.846302356179891,
        0.8556299120366768,
        0.8534593009807221,
        0.8827930641493572,
        0.9015101705947787,
        0.9358071204785313,
        0.9545180513380456,
        0.9511495171692556
      ],
      "PE_high": [
        0.866839433264729,
        0.8682649939769108,
        0.8719614185257677,
        0.8704092786961306,
        0.882914665984631,
        0.8984687000927768,
        0.9204368861138379,
        0.9403614769039172,
        0.9658683958839412,
        0.9820954482563878,
        0.9903424088647097,
        0.9911685204402613
      ],
      "wPE_mean": [
        0.8788146779590238,
        0.8800921822903445,
        0.8817061190349158,
        0.8798115142319951,
        0.8824441179921206,
        0.8824859906288117,
        0.8890942696026909,
        0.8990661799880232,
        0.9169245648405958,
        0.9298400889209877,
        0.940018629922946,
        0.9477351019104192
      ],
      "wPE_low": [
        0.873182887084868,
        0.8729426069484788,
        0.8613017279568722,
        0.8695057371440814,
        0.8593850654412568,
        0.8598229091659619,
        0.8545221730356704,
        0.8611831924951647,
        0.8787991938282902,
        0.8800894650895655,
        0.8992482497531394,
        0.90855496662896
      ],
      "wPE_high": [
        0.8874439810518255,
        0.8877718279188704,
        0.8981482434170357,
        0.8933177545401287,
        0.9041390052002846,
        0.9088964844912735,
        0.9104382187640272,
        0.9273936239578828,
        0.9488972258964943,
        0.9667017969069965,
        0.9712625059944471,
        0.9762488252505381
      ]
    },
    "brown": {
      "levels": [
        0.01,
        0.01519911082952934,
        0.023101297000831605,
        0.03511191734215131,
        0.0533669923120631,
        0.08111308307896872,
        0.12328467394420659,
        0.1873817422860384,
        0.2848035868435802,
        0.43287612810830595,
        0.6579332246575682,
        1.0
      ],
      "PE_mean": [
        0.862353245222558,
        0.8609293647146178,
        0.860424762249178,
        0.8592527255625554,
        0.8623747635290987,
        0.8620279055448485,
        0.8684340591676698,
        0.8754048996854972,
        0.8871299955846306,
        0.9063074203619738,
        0.9151155457021357,
        0.9113859169759685
      ],
      "PE_low": [
        0.8556059877625736,
        0.8523826676792782,
        0.8515112331224804,
        0.8500142181327761,
        0.8451859772526156,
        0.8483563562978957,
        0.8500589982069869,
        0.8366368356713596,
        0.8434467422381268,
        0.8392669419800518,
        0.855439574521522,
        0.8304235137361039
      ],
      "PE_high": [
        0.8643403444516746,
        0.8660304516983923,
        0.8673030268374596,
        0.8680711974466205,
        0.8766654118914547,
        0.8783418577619583,
        0.8903068816108597,
        0.9183608216872636,
        0.9320659187266642,
        0.9580181856434626,
        0.969199143398059,
        0.9641440847405393
      ],
      "wPE_mean": [
        0.8785048685031246,
        0.8801765607450106,
        0.880006592610478,
        0.8790561058569075,
        0.8808408917684624,
        0.8822124805693595,
        0.8832133020809781,
        0.8758618266174872,
        0.8808907901612147,
        0.8769843329543986,
        0.8713778378004535,
        0.8520936214332145
      ],
      "wPE_low": [
        0.8753522510658971,
        0.8682628310726578,
        0.8639611638914491,
        0.8622579071576888,
        0.8569853639861368,
        0.8681484402573905,
        0.8492924727551749,
        0.8344423808497621,
        0.8503634885751532,
        0.8273345269740181,
        0.7854314823613596,
        0.7605336692754968
      ],
      "wPE_high": [
        0.8828907549865337,
        0.8850798418916774,
        0.8889288127488154,
        0.8915083806404432,
        0.8946463808069212,
        0.8990206238596349,
        0.9031056210543993,
        0.9075963845498799,
        0.916428800834376,
        0.9266611598629009,
        0.934504048363465,
        0.9200773079677408
      ]
    }
  }
}