{
  "lengths": [
    50,
    73,
    97,
    121,
    144,
    168,
    192,
    215,
    239,
    263,
    286,
    310,
    334,
    357,
    381,
    405,
    428,
    452,
    476,
    500
  ],
  "PE": [
    0.0,
    0.4668592736186644,
    0.6815369303000831,
    0.7365527007736424,
    0.7785705811484144,
    0.8091830311622217,
    0.8041017526468208,
    0.8094197288302112,
    0.807057037713013,
    0.8031545760751554,
    0.803782043828359,
    0.8012401564188328,
    0.8197008025835641,
    0.8179013836505361,
    0.8204006205907538,
    0.8177686613299205,
    0.8151981169395334,
    0.8143011508785686,
    0.8146905083637063,
    0.8178542796722904
  ],
  "wPE": [
    0.0,
    0.46561960922478324,
    0.6732743473611569,
    0.725797249238704,
    0.7745534543783127,
    0.8062279949531488,
    0.8071001588726915,
    0.8094409858965977,
    0.8050489489769854,
    0.8030069295414948,
    0.8018713408628568,
    0.7928599068563235,
    0.8139261609006805,
    0.8160837499161668,
    0.817691600410101,
    0.8152312070158843,
    0.8149521835175445,
    0.8148862977243413,
    0.8115288326721316,
    0.8124589523869014
  ],
  "pattern_counts": [
    1,
    5,
    10,
    13,
    15,
    16,
    16,
    16,
    16,
    16,
    16,
    16,
    17,
    17,
    17,
    17,
    17,
    17,
    17,
    17
  ],
  "convergence_length": 168
}